<?xml version="1.0" encoding="UTF-8"?>
<project-private xmlns="http://www.netbeans.org/ns/project-private/1">
    <editor-bookmarks xmlns="http://www.netbeans.org/ns/editor-bookmarks/2" lastBookmarkId="0"/>
    <open-files xmlns="http://www.netbeans.org/ns/projectui-open-files/2">
        <group>
            <file>file:/C:/Users/Vergelsxtn/Documents/NetBeansProjects/SadTech%20-%20LibraryManagementSystem/src/system/LoginService.java</file>
            <file>file:/C:/Users/Vergelsxtn/Documents/NetBeansProjects/SadTech%20-%20LibraryManagementSystem/src/system/LibraryDBCon.java</file>
            <file>file:/C:/Users/Vergelsxtn/Documents/NetBeansProjects/SadTech%20-%20LibraryManagementSystem/src/system/LoginDBCon.java</file>
            <file>file:/C:/Users/Vergelsxtn/Documents/NetBeansProjects/SadTech%20-%20LibraryManagementSystem/src/system/menu.java</file>
            <file>file:/C:/Users/Vergelsxtn/Documents/NetBeansProjects/SadTech%20-%20LibraryManagementSystem/src/system/login.java</file>
        </group>
    </open-files>
</project-private>
